{
    "loss": 1.2282299995422363,
    "accuracy": 0.8706896305084229
}